Country Name,Country Code,Series Name,Series Code,2000,2001,2002,2003,2004,2005,2006,2007,2008,2009,2010,2011,2012,2013,2014,2015,2016,2017,2018,2019,2020,2021,2022
Afghanistan,AFG,"GDP, PPP (constant 2017 international $)",NY.GDP.MKTP.PP.KD,..,..,26890054382,29265058689,29678901146,33011757108,34780330056,39589169630,41143038133,49943751387,57116893447,57360414055,64675178731,68297470349,70158264545,71176481723,72785293848,74711922906,75600418109,78557606649,76710638230,60801742189,..
Albania,ALB,"GDP, PPP (constant 2017 international $)",NY.GDP.MKTP.PP.KD,18202434246,19712019024,20606259530,21745504914,22944697296,24212718611,25641912834,27176135024,29214356410,30194290456,31313574128,32110631768,32565717385,32892031585,33475683862,34218417690,35352751626,36697074907,38172057179,38968979796,37682192114,41039120681,43032145215
Algeria,DZA,"GDP, PPP (constant 2017 international $)",NY.GDP.MKTP.PP.KD,2.70E+11,2.79E+11,2.94E+11,3.15E+11,3.29E+11,3.48E+11,3.54E+11,3.66E+11,3.75E+11,3.81E+11,3.95E+11,4.06E+11,4.20E+11,4.32E+11,4.48E+11,4.65E+11,4.80E+11,4.86E+11,4.92E+11,4.97E+11,4.71E+11,4.87E+11,5.03E+11
American Samoa,ASM,"GDP, PPP (constant 2017 international $)",NY.GDP.MKTP.PP.KD,..,..,..,..,..,..,..,..,..,..,..,..,..,..,..,..,..,..,..,..,..,..,..
Andorra,AND,"GDP, PPP (constant 2017 international $)",NY.GDP.MKTP.PP.KD,..,..,..,..,..,..,..,..,..,..,..,..,..,..,..,..,..,..,..,..,..,..,..
Angola,AGO,"GDP, PPP (constant 2017 international $)",NY.GDP.MKTP.PP.KD,77517262550,80777637494,91816458022,94561770117,1.05E+11,1.21E+11,1.35E+11,1.53E+11,1.71E+11,1.72E+11,1.80E+11,1.86E+11,2.02E+11,2.12E+11,2.22E+11,2.24E+11,2.18E+11,2.18E+11,2.15E+11,2.14E+11,2.02E+11,2.04E+11,2.10E+11
Antigua and Barbuda,ATG,"GDP, PPP (constant 2017 international $)",NY.GDP.MKTP.PP.KD,1551748335,1481174766,1496392978,1587321951,1678863262,1787550037,2014714551,2202392931,2202077094,1938649278,1786647644,1751654138,1776865145,1785499502,1824984976,1851358843,1927260215,1974735059,2112042062,2177524768,1766399399,1911097865,2092965499
Argentina,ARG,"GDP, PPP (constant 2017 international $)",NY.GDP.MKTP.PP.KD,6.87E+11,6.56E+11,5.85E+11,6.37E+11,6.94E+11,7.56E+11,8.16E+11,8.90E+11,9.26E+11,8.71E+11,9.59E+11,1.02E+12,1.01E+12,1.03E+12,1.00E+12,1.03E+12,1.01E+12,1.04E+12,1.01E+12,9.92E+11,8.94E+11,9.89E+11,1.04E+12
Armenia,ARM,"GDP, PPP (constant 2017 international $)",NY.GDP.MKTP.PP.KD,12426495761,13619439354,15417205348,17575614097,19421053577,22120580024,25040496587,28471044620,30435546699,26144134614,26719305576,27975112937,29989321069,30978968665,32094211537,33121226305,33187468758,35676528915,37531708419,40384118258,37476461744,39650096525,44646008687
Aruba,ABW,"GDP, PPP (constant 2017 international $)",NY.GDP.MKTP.PP.KD,3475092884,3620421360,3586210019,3626035061,3890508230,3875602152,3919296161,4040384536,4114556125,3634068875,3534733212,3653826791,3615797756,3848347132,3787290232,3763671719,3828392726,4098238261,4195847236,4099223720,3116124098,3977400761,4393369954
Australia,AUS,"GDP, PPP (constant 2017 international $)",NY.GDP.MKTP.PP.KD,7.31E+11,7.46E+11,7.75E+11,7.99E+11,8.33E+11,8.59E+11,8.83E+11,9.16E+11,9.49E+11,9.67E+11,9.89E+11,1.01E+12,1.05E+12,1.08E+12,1.11E+12,1.13E+12,1.16E+12,1.19E+12,1.23E+12,1.25E+12,1.25E+12,1.27E+12,1.33E+12
Austria,AUT,"GDP, PPP (constant 2017 international $)",NY.GDP.MKTP.PP.KD,3.72E+11,3.77E+11,3.83E+11,3.87E+11,3.97E+11,4.06E+11,4.20E+11,4.36E+11,4.42E+11,4.26E+11,4.34E+11,4.46E+11,4.49E+11,4.49E+11,4.52E+11,4.57E+11,4.66E+11,4.77E+11,4.88E+11,4.95E+11,4.62E+11,4.82E+11,5.05E+11
Azerbaijan,AZE,"GDP, PPP (constant 2017 international $)",NY.GDP.MKTP.PP.KD,32182491961,35368558621,38706967255,42658290361,46605804002,59637503648,80212442407,1.00E+11,1.11E+11,1.21E+11,1.28E+11,1.28E+11,1.30E+11,1.38E+11,1.42E+11,1.43E+11,1.39E+11,1.39E+11,1.41E+11,1.45E+11,1.39E+11,1.46E+11,1.53E+11
Bahamas The,BHS,"GDP, PPP (constant 2017 international $)",NY.GDP.MKTP.PP.KD,12016430956,12331983613,12665558375,12505349615,12615693536,13044133112,13372400750,13565779026,13250558063,12697290544,12892658991,12971713003,13372069055,12989292846,13229219008,13361012550,13259071572,13593751984,13990459390,13886417676,10621984523,12426074472,14211478928
Bahrain,BHR,"GDP, PPP (constant 2017 international $)",NY.GDP.MKTP.PP.KD,32835915082,33653840688,34780756595,36970706753,39551617223,42228865351,44959806125,48688754662,51729372637,53043239697,55342292397,56440015074,58544160034,61715403402,64400264666,66000855035,68349250017,71282082008,72786939763,74364207032,70910259290,72803356662,76342224646
Bangladesh,BGD,"GDP, PPP (constant 2017 international $)",NY.GDP.MKTP.PP.KD,2.93E+11,3.08E+11,3.20E+11,3.35E+11,3.52E+11,3.75E+11,4.00E+11,4.29E+11,4.54E+11,4.77E+11,5.04E+11,5.36E+11,5.71E+11,6.06E+11,6.42E+11,6.85E+11,7.33E+11,7.82E+11,8.39E+11,9.05E+11,9.36E+11,1.00E+12,1.07E+12
Barbados,BRB,"GDP, PPP (constant 2017 international $)",NY.GDP.MKTP.PP.KD,4103737439,4006664998,4038213542,4126064101,4184307565,4349816077,4612785320,4708692891,4739416319,4500763723,4398497906,4365590349,4352242888,4295698191,4295649655,4399856920,4511393155,4532263730,4492755246,4504598084,3930802886,3900030922,4342050282
Belarus,BLR,"GDP, PPP (constant 2017 international $)",NY.GDP.MKTP.PP.KD,80367527354,84165138987,88411495395,94638487218,1.05E+11,1.15E+11,1.27E+11,1.38E+11,1.52E+11,1.52E+11,1.64E+11,1.73E+11,1.76E+11,1.78E+11,1.81E+11,1.74E+11,1.69E+11,1.74E+11,1.79E+11,1.82E+11,1.80E+11,1.85E+11,1.76E+11
Belgium,BEL,"GDP, PPP (constant 2017 international $)",NY.GDP.MKTP.PP.KD,4.41E+11,4.46E+11,4.54E+11,4.58E+11,4.75E+11,4.86E+11,4.98E+11,5.16E+11,5.19E+11,5.08E+11,5.23E+11,5.32E+11,5.35E+11,5.38E+11,5.46E+11,5.58E+11,5.65E+11,5.74E+11,5.84E+11,5.97E+11,5.66E+11,6.05E+11,6.23E+11
Belize,BLZ,"GDP, PPP (constant 2017 international $)",NY.GDP.MKTP.PP.KD,2081033763,2184951502,2302918609,2525500881,2646236638,2704961637,2826994776,2920201476,2875271434,2862312808,2897804139,2889163423,2994953013,3127858360,3253139044,3358068819,3357698276,3296810946,3331612024,3472746923,2995880043,3531017553,3839427624
Benin,BEN,"GDP, PPP (constant 2017 international $)",NY.GDP.MKTP.PP.KD,17015311553,17922761209,18754920545,19400760633,20260153130,20607242894,21419938733,22702211090,23813842356,24366154930,24881271217,25618690619,26851263035,28782253819,30612137154,31156467196,32196991451,34023063768,36301674638,38794033860,40287135687,43169862200,45869379413
Bermuda,BMU,"GDP, PPP (constant 2017 international $)",NY.GDP.MKTP.PP.KD,5143363318,5514839418,5433341640,5618656986,5749081029,5845332495,6169389918,6375764630,6256795679,5904744699,5756956126,5541487978,5247495466,5232817773,5039147650,5078227736,5044853304,5227044137,5204421422,5220360833,4863394899,5009968693,5156616136
Bhutan,BTN,"GDP, PPP (constant 2017 international $)",NY.GDP.MKTP.PP.KD,2538519958,2750459834,3052798131,3291627759,3489413187,3743695427,4005744302,4741233167,4968786785,5304097101,5937719024,6411704395,6739881127,6882764763,7280347372,7763924942,8394901726,8785418676,9093072778,9616392620,8633751406,9015481277,..
Bolivia,BOL,"GDP, PPP (constant 2017 international $)",NY.GDP.MKTP.PP.KD,45589361173,46356994438,47509228009,48797364634,50833822900,53081406386,55627726134,58166789314,61743173119,63815891178,66449395976,69907483970,73488337951,78482613796,82768211473,86788418430,90489007911,94285208502,98267460869,1.00E+11,91668926759,97271156546,1.01E+11
Bosnia and Herzegovina,BIH,"GDP, PPP (constant 2017 international $)",NY.GDP.MKTP.PP.KD,28528434467,29219767778,30688775300,31875552836,33891766395,35212588855,37118999673,39293106381,41432156701,40187345812,40535235311,40924175453,40587845652,41541601848,42020930074,43834028412,45255239482,46723365140,48511701570,49912400956,48407494577,51985608421,54120255479
Botswana,BWA,"GDP, PPP (constant 2017 international $)",NY.GDP.MKTP.PP.KD,19794590165,19844190252,21048639506,22022327416,22618212331,23648844120,25626802958,27111249813,27992927437,24033542104,26466267494,28276171070,28227846878,31361934973,33147927353,31539810139,33812072030,35203223635,36677567575,37789705723,34491135830,38585357240,40818645770
Brazil,BRA,"GDP, PPP (constant 2017 international $)",NY.GDP.MKTP.PP.KD,2.03E+12,2.06E+12,2.12E+12,2.14E+12,2.27E+12,2.34E+12,2.43E+12,2.58E+12,2.71E+12,2.71E+12,2.91E+12,3.03E+12,3.08E+12,3.18E+12,3.19E+12,3.08E+12,2.98E+12,3.02E+12,3.07E+12,3.11E+12,3.01E+12,3.16E+12,3.25E+12
British Virgin Islands,VGB,"GDP, PPP (constant 2017 international $)",NY.GDP.MKTP.PP.KD,..,..,..,..,..,..,..,..,..,..,..,..,..,..,..,..,..,..,..,..,..,..,..
Brunei Darussalam,BRN,"GDP, PPP (constant 2017 international $)",NY.GDP.MKTP.PP.KD,22996076890,23627098557,24541962724,25254650394,25382014206,25480371341,26600926645,26642046839,26125267157,25664277533,26331283315,27317473701,27566838985,26980760126,26303987537,26200774965,25551541320,25891019750,25904544646,26906819939,27211828479,26778952888,26342902751
Bulgaria,BGR,"GDP, PPP (constant 2017 international $)",NY.GDP.MKTP.PP.KD,85826370117,89108116434,94340482307,99281238888,1.06E+11,1.13E+11,1.21E+11,1.29E+11,1.37E+11,1.32E+11,1.34E+11,1.37E+11,1.38E+11,1.37E+11,1.39E+11,1.43E+11,1.48E+11,1.52E+11,1.56E+11,1.62E+11,1.56E+11,1.68E+11,1.74E+11
Burkina Faso,BFA,"GDP, PPP (constant 2017 international $)",NY.GDP.MKTP.PP.KD,15052586781,16048075420,16746642338,18053298083,18861806397,20495592156,21777215287,22672559147,23987565705,24698065613,26784133779,28557929809,30400679458,32161664609,33553250183,34868949891,36946433804,39238401912,41829929268,44124909692,44972986349,48093149412,48949444178
Burundi,BDI,"GDP, PPP (constant 2017 international $)",NY.GDP.MKTP.PP.KD,5281708244,5390289977,5629970267,5561074747,5829878069,5882346971,6200805892,6414854522,6726726554,6983199509,7341029825,7637064192,7976662009,8369447994,8724367008,8384116688,8333811912,8375481077,8510320913,8664576039,8692922796,8962403403,9128118192
Cabo Verde,CPV,"GDP, PPP (constant 2017 international $)",NY.GDP.MKTP.PP.KD,1950199721,1993721442,2098409585,2186044611,2408957168,2575475319,2781094842,3203006062,3428466021,3376916061,3438930394,3573898722,3612627221,3635463964,3660791036,3695057011,3853231864,4028604577,4177943522,4468219782,3538594329,3737289324,4376993314
Cambodia,KHM,"GDP, PPP (constant 2017 international $)",NY.GDP.MKTP.PP.KD,18009895823,19477411670,20758818800,22524542246,24853699018,28146835740,31178554968,34362687939,36662093825,36693878746,38881963567,41630751178,44675351848,47961967888,51387685545,54967247823,58778299696,62890960722,67588392995,72356150510,70115999219,72237982362,76023115595
Cameroon,CMR,"GDP, PPP (constant 2017 international $)",NY.GDP.MKTP.PP.KD,44338980518,46256313846,48327221429,50962579087,54554861376,55770491099,57895114401,60400577009,62120590886,63722837330,65570178137,67785932997,70921695834,74464609831,78723850095,83185093670,86958198354,90037541682,93598989464,96851610490,97103359705,1.00E+11,1.04E+11
Canada,CAN,"GDP, PPP (constant 2017 international $)",NY.GDP.MKTP.PP.KD,1.27E+12,1.29E+12,1.33E+12,1.35E+12,1.40E+12,1.44E+12,1.48E+12,1.51E+12,1.52E+12,1.48E+12,1.53E+12,1.57E+12,1.60E+12,1.64E+12,1.69E+12,1.70E+12,1.71E+12,1.77E+12,1.81E+12,1.85E+12,1.76E+12,1.85E+12,1.92E+12
Cayman Islands,CYM,"GDP, PPP (constant 2017 international $)",NY.GDP.MKTP.PP.KD,..,..,..,..,..,..,4084368236,4213541496,4198482248,3896171271,3790365470,3834677200,3881834283,3931495793,4035858449,4150199252,4284664643,4421090333,4609750082,4790251085,4545558642,4728683921,4902440234
Central African Republic,CAF,"GDP, PPP (constant 2017 international $)",NY.GDP.MKTP.PP.KD,3786415842,3955469428,4098520648,3877303602,4109743464,4147068586,4344928772,4545122879,4638485655,5036804499,5270049770,5491108086,5768615578,3669302318,3672277041,3831548140,4013558817,4195263791,4354240946,4489222415,4529625417,4574148011,4597115265
Chad,TCD,"GDP, PPP (constant 2017 international $)",NY.GDP.MKTP.PP.KD,7497921362,8372039131,9082926540,10420084740,13924293784,16337726702,16443637978,16981591525,17499987132,18238083310,20709361994,20726523800,22567573044,23853925015,25499842274,26205595208,24566297102,23832085167,24397867877,25190111031,24787067557,24489625095,25037208135
Channel Islands,CHI,"GDP, PPP (constant 2017 international $)",NY.GDP.MKTP.PP.KD,..,..,..,..,..,..,..,..,..,..,..,..,..,..,..,..,..,..,..,..,..,..,..
Chile,CHL,"GDP, PPP (constant 2017 international $)",NY.GDP.MKTP.PP.KD,2.37E+11,2.44E+11,2.52E+11,2.64E+11,2.81E+11,2.98E+11,3.16E+11,3.32E+11,3.45E+11,3.41E+11,3.61E+11,3.83E+11,4.07E+11,4.20E+11,4.28E+11,4.37E+11,4.45E+11,4.51E+11,4.69E+11,4.72E+11,4.43E+11,4.95E+11,5.07E+11
China,CHN,"GDP, PPP (constant 2017 international $)",NY.GDP.MKTP.PP.KD,4.36E+12,4.72E+12,5.15E+12,5.67E+12,6.24E+12,6.95E+12,7.84E+12,8.96E+12,9.82E+12,1.07E+13,1.19E+13,1.30E+13,1.40E+13,1.51E+13,1.63E+13,1.74E+13,1.86E+13,1.99E+13,2.12E+13,2.25E+13,2.30E+13,2.49E+13,2.57E+13
Colombia,COL,"GDP, PPP (constant 2017 international $)",NY.GDP.MKTP.PP.KD,3.58E+11,3.64E+11,3.73E+11,3.88E+11,4.09E+11,4.29E+11,4.57E+11,4.88E+11,5.04E+11,5.10E+11,5.33E+11,5.70E+11,5.92E+11,6.23E+11,6.51E+11,6.70E+11,6.84E+11,6.93E+11,7.11E+11,7.34E+11,6.80E+11,7.55E+11,8.10E+11
Comoros,COM,"GDP, PPP (constant 2017 international $)",NY.GDP.MKTP.PP.KD,1536819661,1572672236,1609235998,1643092258,1674634039,1722152582,1767737194,1781879840,1852524448,1912559962,1984812016,2067052835,2132545541,2227790299,2274722212,2300821255,2377218795,2467927827,2557820893,2602858498,2597768430,2652638380,2715974856
Congo Dem. Rep.,COD,"GDP, PPP (constant 2017 international $)",NY.GDP.MKTP.PP.KD,35402751925,34659232879,35680905679,37671123196,40209544342,42676460667,44947266418,47760730565,50734263152,52182758840,55891897115,59734281096,63967589234,69393292414,75965037127,81218906047,83167671594,86267287183,91289010440,95291603462,96945315643,1.03E+11,1.12E+11
Congo Rep.,COG,"GDP, PPP (constant 2017 international $)",NY.GDP.MKTP.PP.KD,13960026271,14490870495,15154823352,15278072086,15809234371,17035360485,18395844979,17179144748,18262526202,20387789130,22412554584,22906957465,25185547604,25006117086,26668039984,26778763836,24452963007,23084875059,22552926173,22806528658,21377066073,21594058464,21912647905
Costa Rica,CRI,"GDP, PPP (constant 2017 international $)",NY.GDP.MKTP.PP.KD,50021225875,51767551842,53536385098,55847647135,58318681906,60637821316,65080569801,70427024506,73763980088,73119684222,77039150445,80431306916,84358439803,86462985573,89525599524,92795146906,96696554846,1.01E+11,1.03E+11,1.06E+11,1.01E+11,1.09E+11,1.14E+11
Cote d'Ivoire,CIV,"GDP, PPP (constant 2017 international $)",NY.GDP.MKTP.PP.KD,69279177489,67786895352,65935956228,62819910905,64820749080,65466406241,67309664360,68051033040,71305686646,73875059831,78934060421,74694948352,80387010984,89036824696,97381355855,1.04E+11,1.12E+11,1.20E+11,1.26E+11,1.34E+11,1.37E+11,1.46E+11,1.56E+11
Croatia,HRV,"GDP, PPP (constant 2017 international $)",NY.GDP.MKTP.PP.KD,81909796509,84466090179,89382504693,94387597329,98332950489,1.03E+11,1.08E+11,1.13E+11,1.16E+11,1.07E+11,1.06E+11,1.06E+11,1.03E+11,1.03E+11,1.02E+11,1.05E+11,1.09E+11,1.12E+11,1.16E+11,1.20E+11,1.09E+11,1.24E+11,1.32E+11
Cuba,CUB,"GDP, PPP (constant 2017 international $)",NY.GDP.MKTP.PP.KD,..,..,..,..,..,..,..,..,..,..,..,..,..,..,..,..,..,..,..,..,..,..,..
Curacao,CUW,"GDP, PPP (constant 2017 international $)",NY.GDP.MKTP.PP.KD,3830256637,3803607485,3818710287,3829715302,3837698767,3863657934,3926864855,4023856973,4111900697,4090053829,4093420214,4114233519,4099876887,4073814107,4047847683,4066392968,4022975777,3971634185,3888066576,3763410041,3084548877,3213597516,3467150361
Cyprus,CYP,"GDP, PPP (constant 2017 international $)",NY.GDP.MKTP.PP.KD,22863455483,23767147402,24651987961,25298680140,26570278813,27859735464,29172995660,30660254948,31778376802,31137959136,31765294262,31892812206,30793523711,28775600004,28249205332,29204898467,31089944545,32909496096,34782981621,36814267716,35565947259,39090997909,41068271476
Czechia,CZE,"GDP, PPP (constant 2017 international $)",NY.GDP.MKTP.PP.KD,2.56E+11,2.64E+11,2.68E+11,2.78E+11,2.91E+11,3.10E+11,3.31E+11,3.50E+11,3.59E+11,3.42E+11,3.51E+11,3.57E+11,3.54E+11,3.54E+11,3.62E+11,3.81E+11,3.91E+11,4.11E+11,4.25E+11,4.37E+11,4.13E+11,4.28E+11,4.38E+11
Denmark,DNK,"GDP, PPP (constant 2017 international $)",NY.GDP.MKTP.PP.KD,2.61E+11,2.63E+11,2.65E+11,2.66E+11,2.73E+11,2.79E+11,2.90E+11,2.93E+11,2.91E+11,2.77E+11,2.82E+11,2.86E+11,2.86E+11,2.89E+11,2.94E+11,3.01E+11,3.10E+11,3.19E+11,3.25E+11,3.30E+11,3.22E+11,3.44E+11,3.54E+11
Djibouti,DJI,"GDP, PPP (constant 2017 international $)",NY.GDP.MKTP.PP.KD,..,..,..,..,..,..,..,..,..,..,..,..,..,3560763457,3812208308,4099119258,4391117244,4630788442,4851881588,5120924758,5188334730,5422969268,5592373778
Dominica,DMA,"GDP, PPP (constant 2017 international $)",NY.GDP.MKTP.PP.KD,667326327,666900274.3,648040342,689211233.5,710236933.7,714895109.8,748205329.2,795738607.5,852403615.2,842433982.3,848100483,846204548.6,837243240.3,828871305,868274077.9,844557144.8,867897731.3,810451627.1,839203082.7,885380093.3,738370613,789248404.9,833827718
Dominican Republic,DOM,"GDP, PPP (constant 2017 international $)",NY.GDP.MKTP.PP.KD,78970796245,80913095905,84550223232,83412425648,85556236993,93622681740,1.02E+11,1.10E+11,1.13E+11,1.14E+11,1.24E+11,1.28E+11,1.31E+11,1.38E+11,1.47E+11,1.58E+11,1.68E+11,1.76E+11,1.88E+11,1.98E+11,1.84E+11,2.07E+11,2.17E+11
Ecuador,ECU,"GDP, PPP (constant 2017 international $)",NY.GDP.MKTP.PP.KD,1.04E+11,1.08E+11,1.12E+11,1.15E+11,1.25E+11,1.31E+11,1.37E+11,1.40E+11,1.49E+11,1.50E+11,1.55E+11,1.67E+11,1.77E+11,1.86E+11,1.93E+11,1.93E+11,1.90E+11,1.95E+11,1.98E+11,1.98E+11,1.82E+11,1.90E+11,1.95E+11
Egypt Arab Rep.,EGY,"GDP, PPP (constant 2017 international $)",NY.GDP.MKTP.PP.KD,5.62E+11,5.81E+11,5.95E+11,6.14E+11,6.40E+11,6.68E+11,7.14E+11,7.64E+11,8.19E+11,8.57E+11,9.02E+11,9.18E+11,9.38E+11,9.58E+11,9.86E+11,1.03E+12,1.07E+12,1.12E+12,1.18E+12,1.24E+12,1.29E+12,1.33E+12,1.42E+12
El Salvador,SLV,"GDP, PPP (constant 2017 international $)",NY.GDP.MKTP.PP.KD,38712436699,39052956580,39667227739,40288175758,40646500600,41736164220,43546261079,44350822760,45306318141,44350912986,45306318141,47015990524,48373671534,49429645652,50284481844,51491309452,52798705936,54005533545,55312930028,56620326512,52195292243,58028292092,59536826547
Equatorial Guinea,GNQ,"GDP, PPP (constant 2017 international $)",NY.GDP.MKTP.PP.KD,6774982661,11068958232,13223291202,15068634590,20794523888,24277336437,26147885206,30143834811,35509168866,35986183519,32774713206,34912910465,37815175970,36252199683,36402670348,33086372100,30169339488,28459489607,26684600996,25221797767,24013401048,24076665404,24986774542
Eritrea,ERI,"GDP, PPP (constant 2017 international $)",NY.GDP.MKTP.PP.KD,..,..,..,..,..,..,..,..,..,..,..,..,..,..,..,..,..,..,..,..,..,..,..
Estonia,EST,"GDP, PPP (constant 2017 international $)",NY.GDP.MKTP.PP.KD,24817728446,26307704019,28089095452,30223941194,32280380502,35355547376,38808222831,41749552573,39606965135,33812840409,34639315873,37155198683,38354642990,38914018087,40085861825,40828660880,42117035737,44556473263,46242579702,47971916545,47707590682,51530620773,50867209717
Eswatini,SWZ,"GDP, PPP (constant 2017 international $)",NY.GDP.MKTP.PP.KD,5609442480,5668608910,5916899598,6146487940,6369231390,6751307349,7155856950,7473246081,7534651047,7652572017,7942891848,8121386878,8559668135,8890175222,8972252035,9172107215,9269570962,9457426062,9682521834,9943191614,9788113353,10833810503,10885427646
Ethiopia,ETH,"GDP, PPP (constant 2017 international $)",NY.GDP.MKTP.PP.KD,48196209694,52197124695,52987767961,51842511687,58878890054,65837648262,72970977757,81330654831,90105030164,98036573378,1.10E+11,1.23E+11,1.33E+11,1.47E+11,1.63E+11,1.79E+11,1.96E+11,2.15E+11,2.30E+11,2.49E+11,2.64E+11,2.79E+11,2.94E+11
Faroe Islands,FRO,"GDP, PPP (constant 2017 international $)",NY.GDP.MKTP.PP.KD,..,..,..,..,..,..,..,..,..,..,..,..,..,..,..,..,..,..,..,..,..,..,..
Fiji,FJI,"GDP, PPP (constant 2017 international $)",NY.GDP.MKTP.PP.KD,7766127892,7921450461,8174936806,8256686120,8694290460,8755150529,8917338280,8841482558,8932796879,8808984945,9069261594,9314598092,9446056355,9893253396,10447623322,10917891680,11184905317,11783674116,12232909131,12161896573,10089525097,9597051739,11518042114
Finland,FIN,"GDP, PPP (constant 2017 international $)",NY.GDP.MKTP.PP.KD,2.07E+11,2.12E+11,2.16E+11,2.20E+11,2.29E+11,2.35E+11,2.44E+11,2.57E+11,2.59E+11,2.38E+11,2.46E+11,2.52E+11,2.49E+11,2.47E+11,2.46E+11,2.47E+11,2.54E+11,2.62E+11,2.65E+11,2.68E+11,2.62E+11,2.69E+11,2.74E+11
France,FRA,"GDP, PPP (constant 2017 international $)",NY.GDP.MKTP.PP.KD,2.42E+12,2.47E+12,2.50E+12,2.52E+12,2.59E+12,2.63E+12,2.70E+12,2.76E+12,2.77E+12,2.69E+12,2.74E+12,2.80E+12,2.81E+12,2.83E+12,2.85E+12,2.88E+12,2.92E+12,2.98E+12,3.04E+12,3.09E+12,2.86E+12,3.05E+12,3.12E+12
French Polynesia,PYF,"GDP, PPP (constant 2017 international $)",NY.GDP.MKTP.PP.KD,..,..,..,..,..,..,..,..,..,..,..,..,..,..,..,..,..,..,..,..,..,..,..
Gabon,GAB,"GDP, PPP (constant 2017 international $)",NY.GDP.MKTP.PP.KD,20350525244,20785056461,20733294776,21199240332,21345418222,21916665016,21301556639,22581377173,21834287970,21862744842,23412788815,25073166049,26389777283,27877817392,29080735300,30208747765,30840546267,30986311651,31245951094,32471045092,31874304869,32360968173,33302039176
Gambia The,GMB,"GDP, PPP (constant 2017 international $)",NY.GDP.MKTP.PP.KD,2991838219,3165364843,3062490480,3272883565,3503621856,3421226152,3402218471,3505756468,3725073280,3973376395,4208136816,3865996599,4068635488,4185517979,4126611731,4294072681,4377521957,4588632823,4920615376,5226778680,5257694412,5481960955,5719424860
Georgia,GEO,"GDP, PPP (constant 2017 international $)",NY.GDP.MKTP.PP.KD,20056352794,21020151456,22170760242,24622563247,26049316774,28547335299,31236428810,35165644644,36016150959,34701376459,36864073877,39577513614,42117114278,43639881170,45578167615,46957625779,48322420425,50662483514,53116027003,55762453627,51992666509,57433978362,63403374977
Germany,DEU,"GDP, PPP (constant 2017 international $)",NY.GDP.MKTP.PP.KD,3.53E+12,3.59E+12,3.58E+12,3.56E+12,3.60E+12,3.62E+12,3.76E+12,3.87E+12,3.91E+12,3.69E+12,3.84E+12,3.99E+12,4.01E+12,4.03E+12,4.12E+12,4.18E+12,4.27E+12,4.39E+12,4.43E+12,4.48E+12,4.31E+12,4.44E+12,4.52E+12
Ghana,GHA,"GDP, PPP (constant 2017 international $)",NY.GDP.MKTP.PP.KD,54122701853,56287609996,58820552198,61879220991,65344457360,69199782840,73628508465,76829006538,83858706162,87921230324,94866754254,1.08E+11,1.18E+11,1.27E+11,1.31E+11,1.33E+11,1.38E+11,1.49E+11,1.58E+11,1.69E+11,1.69E+11,1.78E+11,1.83E+11
Gibraltar,GIB,"GDP, PPP (constant 2017 international $)",NY.GDP.MKTP.PP.KD,..,..,..,..,..,..,..,..,..,..,..,..,..,..,..,..,..,..,..,..,..,..,..
Greece,GRC,"GDP, PPP (constant 2017 international $)",NY.GDP.MKTP.PP.KD,3.15E+11,3.28E+11,3.41E+11,3.60E+11,3.79E+11,3.81E+11,4.02E+11,4.16E+11,4.14E+11,3.96E+11,3.75E+11,3.37E+11,3.13E+11,3.05E+11,3.06E+11,3.06E+11,3.04E+11,3.08E+11,3.13E+11,3.19E+11,2.89E+11,3.13E+11,3.31E+11
Greenland,GRL,"GDP, PPP (constant 2017 international $)",NY.GDP.MKTP.PP.KD,..,..,..,..,..,..,..,..,..,..,..,..,..,..,..,..,..,..,..,..,..,..,..
Grenada,GRD,"GDP, PPP (constant 2017 international $)",NY.GDP.MKTP.PP.KD,1194288798,1170117587,1210338314,1324884411,1316306442,1491061764,1431488953,1519145476,1533540027,1432122711,1424802470,1435698983,1419118983,1452483861,1559127027,1659616243,1721679317,1798099078,1876522098,1889216990,1629324545,1705698778,1814201858
Guam,GUM,"GDP, PPP (constant 2017 international $)",NY.GDP.MKTP.PP.KD,..,..,..,..,..,..,..,..,..,..,..,..,..,..,..,..,..,..,..,..,..,..,..
Guatemala,GTM,"GDP, PPP (constant 2017 international $)",NY.GDP.MKTP.PP.KD,75332093803,77089271289,80048949726,82098505158,84674687974,87448653551,92128378862,97967216349,1.01E+11,1.02E+11,1.05E+11,1.09E+11,1.12E+11,1.16E+11,1.22E+11,1.26E+11,1.30E+11,1.34E+11,1.38E+11,1.44E+11,1.41E+11,1.53E+11,1.59E+11
Guinea,GIN,"GDP, PPP (constant 2017 international $)",NY.GDP.MKTP.PP.KD,14050093159,14564094246,15316272836,15507512012,15870405985,16346085309,16540538686,17668185133,18398414079,18191865747,19067505767,20137595503,21328791923,22170359312,22989898420,23869471373,26452297885,29176885980,31032095919,32775142205,34387766505,35728889399,37408147201
Guinea-Bissau,GNB,"GDP, PPP (constant 2017 international $)",NY.GDP.MKTP.PP.KD,2069557176,2114857854,2094022750,2105927482,2164080605,2256402425,2308510835,2383836515,2460204322,2543087990,2660349037,2875432397,2826185355,2918203244,2946351087,3127082707,3322925819,3519615667,3564798265,3725214187,3635809047,3773969879,3906060696
Guyana,GUY,"GDP, PPP (constant 2017 international $)",NY.GDP.MKTP.PP.KD,5806707983,5939073149,6006340693,5968367082,6061673675,5943412992,6248286860,6697615929,6815174058,7061304646,7353532615,7735640669,8143798646,8441322910,8583685352,8642689999,8971756641,9306806134,9720113287,10240415403,14692912354,17640310213,28818699424
Haiti,HTI,"GDP, PPP (constant 2017 international $)",NY.GDP.MKTP.PP.KD,25010835039,24925110931,25187278266,26063991943,25720505863,26510684397,26979592287,28249394876,29000272918,30708498889,28973004533,30450110174,30603098958,31926616921,32848904255,33308788915,33912500082,34763795854,35343590249,34734585908,33586432270,32982467647,32427707827
Honduras,HND,"GDP, PPP (constant 2017 international $)",NY.GDP.MKTP.PP.KD,27013182175,27748803335,28790587165,30099706118,31975610994,33910327064,36137300832,38373595236,39997412335,39024824105,40480895062,42033616973,43769053768,44990893059,46366750814,48147271125,50021631004,52444135530,54460609798,55905485859,50893693122,57272757484,59562493586
Hong Kong SAR China,HKG,"GDP, PPP (constant 2017 international $)",NY.GDP.MKTP.PP.KD,2.42E+11,2.43E+11,2.47E+11,2.55E+11,2.77E+11,2.98E+11,3.19E+11,3.39E+11,3.46E+11,3.38E+11,3.61E+11,3.78E+11,3.85E+11,3.96E+11,4.07E+11,4.17E+11,4.26E+11,4.42E+11,4.55E+11,4.47E+11,4.18E+11,4.45E+11,4.30E+11
Hungary,HUN,"GDP, PPP (constant 2017 international $)",NY.GDP.MKTP.PP.KD,1.98E+11,2.06E+11,2.16E+11,2.25E+11,2.36E+11,2.46E+11,2.56E+11,2.57E+11,2.59E+11,2.42E+11,2.45E+11,2.49E+11,2.46E+11,2.51E+11,2.61E+11,2.71E+11,2.77E+11,2.89E+11,3.04E+11,3.19E+11,3.05E+11,3.26E+11,3.41E+11
Iceland,ISL,"GDP, PPP (constant 2017 international $)",NY.GDP.MKTP.PP.KD,11678589124,12147309013,12215275525,12477010814,13450517044,14274285751,15175991395,16459100236,16822763466,15533498911,15093469851,15372061971,15535564850,16242815275,16516866493,17249664317,18337029182,19106258173,20040396188,20413383622,18940421107,19794205102,21226927351
India,IND,"GDP, PPP (constant 2017 international $)",NY.GDP.MKTP.PP.KD,2.72E+12,2.86E+12,2.96E+12,3.20E+12,3.45E+12,3.72E+12,4.02E+12,4.33E+12,4.47E+12,4.82E+12,5.23E+12,5.50E+12,5.80E+12,6.17E+12,6.63E+12,7.16E+12,7.75E+12,8.28E+12,8.81E+12,9.15E+12,8.62E+12,9.40E+12,1.01E+13
Indonesia,IDN,"GDP, PPP (constant 2017 international $)",NY.GDP.MKTP.PP.KD,1.20E+12,1.25E+12,1.30E+12,1.37E+12,1.43E+12,1.52E+12,1.60E+12,1.70E+12,1.80E+12,1.89E+12,2.00E+12,2.13E+12,2.26E+12,2.38E+12,2.50E+12,2.62E+12,2.75E+12,2.89E+12,3.04E+12,3.20E+12,3.13E+12,3.25E+12,3.42E+12
Iran Islamic Rep.,IRN,"GDP, PPP (constant 2017 international $)",NY.GDP.MKTP.PP.KD,7.23E+11,7.40E+11,8.00E+11,8.69E+11,9.07E+11,9.35E+11,9.82E+11,1.06E+12,1.07E+12,1.08E+12,1.14E+12,1.17E+12,1.12E+12,1.11E+12,1.16E+12,1.15E+12,1.25E+12,1.28E+12,1.26E+12,1.22E+12,1.26E+12,1.32E+12,1.37E+12
Iraq,IRQ,"GDP, PPP (constant 2017 international $)",NY.GDP.MKTP.PP.KD,2.16E+11,2.20E+11,2.02E+11,1.28E+11,1.96E+11,2.00E+11,2.11E+11,2.15E+11,2.32E+11,2.40E+11,2.56E+11,2.75E+11,3.13E+11,3.37E+11,3.38E+11,3.54E+11,4.03E+11,3.95E+11,4.06E+11,4.28E+11,3.77E+11,3.83E+11,4.09E+11
Ireland,IRL,"GDP, PPP (constant 2017 international $)",NY.GDP.MKTP.PP.KD,1.84E+11,1.94E+11,2.06E+11,2.12E+11,2.26E+11,2.39E+11,2.51E+11,2.64E+11,2.53E+11,2.40E+11,2.44E+11,2.47E+11,2.46E+11,2.49E+11,2.71E+11,3.38E+11,3.44E+11,3.76E+11,4.08E+11,4.29E+11,4.58E+11,5.27E+11,5.77E+11
Isle of Man,IMN,"GDP, PPP (constant 2017 international $)",NY.GDP.MKTP.PP.KD,..,..,..,..,..,..,..,..,..,..,..,..,..,..,..,..,..,..,..,..,..,..,..
Israel,ISR,"GDP, PPP (constant 2017 international $)",NY.GDP.MKTP.PP.KD,1.92E+11,1.92E+11,1.92E+11,1.95E+11,2.04E+11,2.13E+11,2.24E+11,2.38E+11,2.46E+11,2.48E+11,2.62E+11,2.76E+11,2.84E+11,2.96E+11,3.08E+11,3.15E+11,3.30E+11,3.44E+11,3.58E+11,3.73E+11,3.66E+11,3.97E+11,4.24E+11
Italy,ITA,"GDP, PPP (constant 2017 international $)",NY.GDP.MKTP.PP.KD,2.45E+12,2.50E+12,2.51E+12,2.51E+12,2.54E+12,2.57E+12,2.61E+12,2.65E+12,2.63E+12,2.49E+12,2.53E+12,2.55E+12,2.47E+12,2.43E+12,2.43E+12,2.44E+12,2.48E+12,2.52E+12,2.54E+12,2.55E+12,2.32E+12,2.52E+12,2.61E+12
Jamaica,JAM,"GDP, PPP (constant 2017 international $)",NY.GDP.MKTP.PP.KD,24806917427,25140552993,25642682981,26582825179,26934708708,27175450578,27963300955,28363722572,28133483825,26910999030,26518866158,26977742325,26812197175,26951000170,27136914194,27386977365,27763609394,28040446747,28570389790,28825320994,25965756204,27160550873,28578744427
Japan,JPN,"GDP, PPP (constant 2017 international $)",NY.GDP.MKTP.PP.KD,4.61E+12,4.63E+12,4.63E+12,4.70E+12,4.80E+12,4.89E+12,4.95E+12,5.03E+12,4.97E+12,4.68E+12,4.88E+12,4.88E+12,4.94E+12,5.04E+12,5.06E+12,5.14E+12,5.18E+12,5.26E+12,5.30E+12,5.27E+12,5.06E+12,5.19E+12,5.23E+12
Jordan,JOR,"GDP, PPP (constant 2017 international $)",NY.GDP.MKTP.PP.KD,44830453820,47192999717,49922552175,52000162832,56455128188,61054298732,65995408034,71391304756,76546032796,80391483555,82252413127,84503809635,86556709696,88815794269,91821390111,94113737554,95990535685,98364955804,1.00E+11,1.02E+11,1.01E+11,1.05E+11,1.07E+11
Kazakhstan,KAZ,"GDP, PPP (constant 2017 international $)",NY.GDP.MKTP.PP.KD,1.53E+11,1.74E+11,1.91E+11,2.08E+11,2.28E+11,2.50E+11,2.77E+11,3.02E+11,3.12E+11,3.16E+11,3.39E+11,3.64E+11,3.81E+11,4.04E+11,4.21E+11,4.26E+11,4.31E+11,4.48E+11,4.67E+11,4.88E+11,4.76E+11,4.96E+11,5.12E+11
Kenya,KEN,"GDP, PPP (constant 2017 international $)",NY.GDP.MKTP.PP.KD,1.02E+11,1.06E+11,1.06E+11,1.09E+11,1.15E+11,1.22E+11,1.30E+11,1.39E+11,1.39E+11,1.44E+11,1.55E+11,1.63E+11,1.70E+11,1.77E+11,1.86E+11,1.95E+11,2.03E+11,2.11E+11,2.23E+11,2.34E+11,2.34E+11,2.52E+11,2.64E+11
Kiribati,KIR,"GDP, PPP (constant 2017 international $)",NY.GDP.MKTP.PP.KD,183300602.7,180605005.6,187445352.8,191206115.1,188090678.8,197404236.3,197306925.3,201322017.1,197111494.5,198693944.7,196468055.4,199930954.3,210199696.6,218947313.6,216547019.1,237909760.9,236772084.2,237212544.7,249342731.7,243951537.5,239908141.8,258777321.5,262820717.2
Korea Dem. People's Rep.,PRK,"GDP, PPP (constant 2017 international $)",NY.GDP.MKTP.PP.KD,..,..,..,..,..,..,..,..,..,..,..,..,..,..,..,..,..,..,..,..,..,..,..
Korea Rep.,KOR,"GDP, PPP (constant 2017 international $)",NY.GDP.MKTP.PP.KD,1.08E+12,1.13E+12,1.22E+12,1.26E+12,1.32E+12,1.38E+12,1.45E+12,1.54E+12,1.58E+12,1.60E+12,1.70E+12,1.77E+12,1.81E+12,1.87E+12,1.93E+12,1.98E+12,2.04E+12,2.10E+12,2.16E+12,2.21E+12,2.20E+12,2.29E+12,2.35E+12
Kosovo,XKX,"GDP, PPP (constant 2017 international $)",NY.GDP.MKTP.PP.KD,..,..,..,..,..,..,..,..,12288415661,12907119466,13544724784,14400725749,14647294434,15429577064,15946283249,16889702438,17830758577,18691209712,19327950254,20247342312,19166078522,21225599532,22333279564
Kuwait,KWT,"GDP, PPP (constant 2017 international $)",NY.GDP.MKTP.PP.KD,1.12E+11,1.13E+11,1.16E+11,1.36E+11,1.50E+11,1.66E+11,1.79E+11,1.89E+11,1.94E+11,1.80E+11,1.76E+11,1.93E+11,2.06E+11,2.08E+11,2.09E+11,2.10E+11,2.16E+11,2.06E+11,2.11E+11,2.10E+11,1.92E+11,1.94E+11,2.11E+11
Kyrgyz Republic,KGZ,"GDP, PPP (constant 2017 international $)",NY.GDP.MKTP.PP.KD,15081729078,15884321604,15881569708,16998090624,18192514566,18160583899,18724088429,20323663854,22031180061,22667064816,22560174508,23903920387,23882849033,26489774124,27555732866,28623744973,29864829313,31280403475,32455892925,33949067065,31522055873,33257977894,35363790881
Lao PDR,LAO,"GDP, PPP (constant 2017 international $)",NY.GDP.MKTP.PP.KD,15232555754,16108642928,17062072214,18097228528,19247795208,20615845412,22392780009,24093921170,25979247073,27928151713,30309558822,32746038985,35374268307,38213513284,41122311945,44111931100,47209839790,50463792572,53616750150,56543010339,56827439678,58264236820,59841698223
Latvia,LVA,"GDP, PPP (constant 2017 international $)",NY.GDP.MKTP.PP.KD,30754234010,32698980507,35016726314,37966136921,41111307126,45518589699,50968000468,56035199130,54214547863,46483477417,44412374816,45555421597,48763546981,49742702853,50688894959,52658290347,53905562377,55691171159,57913538060,58253781476,56206858447,59990555366,62005322543
Lebanon,LBN,"GDP, PPP (constant 2017 international $)",NY.GDP.MKTP.PP.KD,54857899351,56964261259,58914233270,60815453472,64877588005,66620056840,67652344615,73951199052,80657928150,88910972844,96001743455,96834404860,99318005286,1.03E+11,1.06E+11,1.06E+11,1.08E+11,1.09E+11,1.07E+11,99362343651,78098901779,72631011301,..
Lesotho,LSO,"GDP, PPP (constant 2017 international $)",NY.GDP.MKTP.PP.KD,3425062299,3547048708,3572723522,3735631741,3798852609,3930525493,4096790450,4268360527,4504119992,4447649237,4682025709,4898167397,5208421422,5301783707,5392473363,5560937832,5761626924,5580816992,5498185565,5420221633,5015942637,5108871929,5165830253
Liberia,LBR,"GDP, PPP (constant 2017 international $)",NY.GDP.MKTP.PP.KD,4994680900,5140539306,5333978706,3726043745,3823660387,4025596015,4349411335,4764139682,5104570389,5375140210,5703014369,6170705359,6663980095,7242899226,7293700422,7292346348,7178953380,7355207879,7440349936,7256774358,7040341696,7391423319,7746810705
Libya,LBY,"GDP, PPP (constant 2017 international $)",NY.GDP.MKTP.PP.KD,1.40E+11,1.37E+11,1.36E+11,1.54E+11,1.61E+11,1.80E+11,1.91E+11,2.03E+11,2.03E+11,1.94E+11,2.04E+11,1.01E+11,1.89E+11,1.55E+11,1.19E+11,1.18E+11,1.17E+11,1.54E+11,1.67E+11,1.48E+11,1.04E+11,1.37E+11,1.35E+11
Liechtenstein,LIE,"GDP, PPP (constant 2017 international $)",NY.GDP.MKTP.PP.KD,..,..,..,..,..,..,..,..,..,..,..,..,..,..,..,..,..,..,..,..,..,..,..
Lithuania,LTU,"GDP, PPP (constant 2017 international $)",NY.GDP.MKTP.PP.KD,48456966649,51619321063,55104355429,60926657923,64929228694,69949795339,75135958039,83481669657,85664233657,72952853508,74157480683,78635856993,81658512980,84557449673,87548255022,89320742946,91570579073,95492177900,99305476903,1.04E+11,1.04E+11,1.10E+11,1.13E+11
Luxembourg,LUX,"GDP, PPP (constant 2017 international $)",NY.GDP.MKTP.PP.KD,43325256230,44657228411,46097610203,47305081130,49306980746,50531211320,53571530314,57910110486,57736278120,55866226615,57967027794,58572376708,59538763541,61427208386,63038496899,64469334921,67678741186,68570197216,69406288660,71430070481,70780178414,75853986130,76900912144
Macao SAR China,MAC,"GDP, PPP (constant 2017 international $)",NY.GDP.MKTP.PP.KD,21827862525,22458341590,24459515822,27306757059,34578640045,37371105290,42375151194,48509692140,50154822426,50793999031,63554769468,77293180322,84436820869,93516126522,91600632304,71893303857,71405131338,78445696793,83470283693,81330503996,37138862488,45879704329,36037605982
Madagascar,MDG,"GDP, PPP (constant 2017 international $)",NY.GDP.MKTP.PP.KD,25453656126,26975844774,23628689749,25940731552,27304436749,28602993465,30147128483,31868699609,34007928309,32654851937,32857063759,33375688542,34380679959,35171564948,36346014939,37484480465,38981290521,40514544581,41808723577,43653003424,40537195387,42863874633,44491072652
Malawi,MWI,"GDP, PPP (constant 2017 international $)",NY.GDP.MKTP.PP.KD,12537522483,11913785301,12116319655,12807633164,13501870606,13943209764,14598540590,16000000468,17222358328,18656655249,19939126017,20922657303,21320187792,22473684573,23737890009,24402550929,25012614702,26013119290,27155534406,28635017163,28864096822,29658264335,29932139511
Malaysia,MYS,"GDP, PPP (constant 2017 international $)",NY.GDP.MKTP.PP.KD,3.69E+11,3.71E+11,3.91E+11,4.14E+11,4.42E+11,4.65E+11,4.91E+11,5.22E+11,5.48E+11,5.39E+11,5.79E+11,6.10E+11,6.43E+11,6.74E+11,7.14E+11,7.50E+11,7.84E+11,8.29E+11,8.69E+11,9.08E+11,8.58E+11,8.87E+11,9.63E+11
Maldives,MDV,"GDP, PPP (constant 2017 international $)",NY.GDP.MKTP.PP.KD,3832022939,3680901966,3948444141,4491357177,4752590983,4219199805,5215175602,5586674853,6088348032,5591675015,5973892361,6486016173,6639329225,7101642087,7655647915,7959708486,8482839325,9081264533,9868429105,10588660195,7104056147,9781375445,11141639676
Mali,MLI,"GDP, PPP (constant 2017 international $)",NY.GDP.MKTP.PP.KD,17817887174,20557608172,21196190851,23129080396,23489893740,25024906331,26191614230,27106648868,28400488545,29765507550,31347227357,32354455708,32083734773,32820078395,35145277199,37314373426,39498122203,41593677731,43567915125,45640075229,45076214716,46452217363,48183616801
Malta,MLT,"GDP, PPP (constant 2017 international $)",NY.GDP.MKTP.PP.KD,10736295482,10610176579,10882355585,11325710107,11341596515,11725350063,12019673089,12593577117,13075452610,12927193497,13643830568,13707554156,14271990988,15053147850,16202235682,17758967929,18359478635,20355019797,21864602988,23407965686,21517076568,24163239496,25834318920
Marshall Islands,MHL,"GDP, PPP (constant 2017 international $)",NY.GDP.MKTP.PP.KD,170732126.5,182386446.8,189210348.4,186152944,188740065.1,192108492.8,192530391.1,199107767.3,183883440.3,190683853,201069953.4,200639330.1,198013224.9,205162391.7,202787497.7,207047088.3,211486780.6,219383270.3,231798631.5,255807938.4,248527691.4,251292067.1,249594524.6
Mauritania,MRT,"GDP, PPP (constant 2017 international $)",NY.GDP.MKTP.PP.KD,11240587651,11150719848,11304765254,12087989863,12660085161,13744584422,16264406403,15944091482,15891303913,15906857665,16323653845,17004804544,17764921549,18502310255,19293251320,20330521960,20586871386,21877780560,22921826244,23641801922,23556536019,23731494063,25244636785
Mauritius,MUS,"GDP, PPP (constant 2017 international $)",NY.GDP.MKTP.PP.KD,14544292351,15031168461,15273909605,16178956793,16879508835,17179549366,18015428004,19047174477,20073238631,20738681948,21646456202,22529098694,23316742651,24100279893,25022590331,25946063266,26948221725,28009438333,29131703863,29973984445,25613807362,26485649797,28837730416
Mexico,MEX,"GDP, PPP (constant 2017 international $)",NY.GDP.MKTP.PP.KD,1.90E+12,1.89E+12,1.89E+12,1.91E+12,1.98E+12,2.02E+12,2.12E+12,2.16E+12,2.18E+12,2.04E+12,2.14E+12,2.22E+12,2.30E+12,2.32E+12,2.37E+12,2.44E+12,2.48E+12,2.53E+12,2.58E+12,2.57E+12,2.35E+12,2.49E+12,2.58E+12
Micronesia Fed. Sts.,FSM,"GDP, PPP (constant 2017 international $)",NY.GDP.MKTP.PP.KD,368801006.9,376795146.6,378856207.2,384812262.8,372959456.1,380574792.8,380266316.8,373283922.6,364293407,368275495.4,376596275,388604328.8,381349786.4,367316999.8,358847493.5,375433008.4,378812582.8,388973040.6,389796316.1,394375640.2,383460370.9,375698015.2,372593072.9
Moldova,MDA,"GDP, PPP (constant 2017 international $)",NY.GDP.MKTP.PP.KD,14636990535,15529847017,16741175031,17846092576,19166703379,20604206161,21593208023,22241004312,23975802681,22537254457,24137399547,25541753557,25391125163,27687464399,29071734028,28973403067,30319511535,31585536712,32872835415,34040581777,31223390609,35572808855,33788660920
Monaco,MCO,"GDP, PPP (constant 2017 international $)",NY.GDP.MKTP.PP.KD,..,..,..,..,..,..,..,..,..,..,..,..,..,..,..,..,..,..,..,..,..,..,..
Mongolia,MNG,"GDP, PPP (constant 2017 international $)",NY.GDP.MKTP.PP.KD,10844731166,11164944686,11693379114,12512457590,13841957005,14846006256,16116265412,17767862928,19349268104,19103803494,20319791474,23833241423,26769453831,29887805072,32244525893,33011892666,33503698722,35392260804,38133349152,40269672501,38434280707,39063361321,41029306871
Montenegro,MNE,"GDP, PPP (constant 2017 international $)",NY.GDP.MKTP.PP.KD,7512921562,7595551582,7740166078,7932328026,8283416887,8629713787,9368971145,10007012145,10729793874,10107991912,10384377877,10719632430,10427652071,10797727349,10990326258,11362940235,11698065195,12249800378,12871831621,13394807059,11344478174,12824191129,13645796059
Morocco,MAR,"GDP, PPP (constant 2017 international $)",NY.GDP.MKTP.PP.KD,1.38E+11,1.48E+11,1.54E+11,1.63E+11,1.71E+11,1.76E+11,1.90E+11,1.96E+11,2.07E+11,2.15E+11,2.23E+11,2.35E+11,2.42E+11,2.52E+11,2.59E+11,2.70E+11,2.72E+11,2.86E+11,2.94E+11,3.03E+11,2.81E+11,3.04E+11,3.07E+11
Mozambique,MOZ,"GDP, PPP (constant 2017 international $)",NY.GDP.MKTP.PP.KD,11038671605,12457326579,13661763866,14647829115,15849640275,16850073338,18520029776,19936692404,21307943974,22571285979,24078986794,25796795780,27859121434,29689859612,31976741370,34340811822,35953796402,36902332110,38188355252,39073487775,38596977633,39514594716,41237363609
Myanmar,MMR,"GDP, PPP (constant 2017 international $)",NY.GDP.MKTP.PP.KD,49307274382,54900690143,61502780012,70017222964,79514822332,90304148834,1.02E+11,1.14E+11,1.26E+11,1.39E+11,1.53E+11,1.61E+11,1.73E+11,1.88E+11,2.03E+11,2.17E+11,2.30E+11,2.44E+11,2.59E+11,2.77E+11,2.52E+11,2.21E+11,2.30E+11
Namibia,NAM,"GDP, PPP (constant 2017 international $)",NY.GDP.MKTP.PP.KD,12211898182,12355748077,12947422993,13496367095,15152310348,15535552075,16634408910,17528349389,17992817701,18046071208,19135918470,20110192785,21128106808,22314390766,23673899299,24683395685,24691737303,24438091227,24697121180,24489874130,22505851285,23299105568,25061165436
Nauru,NRU,"GDP, PPP (constant 2017 international $)",NY.GDP.MKTP.PP.KD,..,..,..,..,55212986.25,50882555.95,46552125.66,43304302.94,71452099.85,67121669.56,66039061.98,72534707.42,95269466.47,99599896.76,114756402.8,108260757.3,116921617.9,109343364.9,118004225.5,127747693.7,133160731.5,137491161.8,139656377
Nepal,NPL,"GDP, PPP (constant 2017 international $)",NY.GDP.MKTP.PP.KD,49631199128,52013443156,52075933759,54130349010,56665058493,58636538469,60609432109,62677159420,66503373829,69518024119,72866300415,75359645822,78879048236,81659655507,86568611687,90010625804,90400474173,98515977279,1.06E+11,1.13E+11,1.10E+11,1.16E+11,1.22E+11
Netherlands,NLD,"GDP, PPP (constant 2017 international $)",NY.GDP.MKTP.PP.KD,7.55E+11,7.73E+11,7.74E+11,7.76E+11,7.91E+11,8.07E+11,8.35E+11,8.67E+11,8.86E+11,8.53E+11,8.65E+11,8.78E+11,8.69E+11,8.68E+11,8.80E+11,8.97E+11,9.17E+11,9.44E+11,9.66E+11,9.85E+11,9.47E+11,1.01E+12,1.05E+12
New Caledonia,NCL,"GDP, PPP (constant 2017 international $)",NY.GDP.MKTP.PP.KD,..,..,..,..,..,..,..,..,..,..,..,..,..,..,..,..,..,..,..,..,..,..,..
New Zealand,NZL,"GDP, PPP (constant 2017 international $)",NY.GDP.MKTP.PP.KD,1.26E+11,1.31E+11,1.37E+11,1.43E+11,1.49E+11,1.54E+11,1.58E+11,1.63E+11,1.61E+11,1.61E+11,1.63E+11,1.67E+11,1.71E+11,1.76E+11,1.82E+11,1.89E+11,1.96E+11,2.03E+11,2.10E+11,2.15E+11,2.14E+11,2.25E+11,2.32E+11
Nicaragua,NIC,"GDP, PPP (constant 2017 international $)",NY.GDP.MKTP.PP.KD,20119366703,20715069650,20871248609,21397357038,22534021150,23499017703,24474978804,25717500470,26601249925,25725120775,26859722441,28556579063,30411608507,31909925284,33436869694,35039399294,36638221719,38334872386,37045805073,35972577757,35337209062,38993513906,40455994652
Niger,NER,"GDP, PPP (constant 2017 international $)",NY.GDP.MKTP.PP.KD,10568286907,11336404256,11893981963,12152153971,12196363699,13090585089,13866994232,14302795600,15408603974,15711013375,17058730299,17460933696,19302877914,20328851092,21679121162,22631408824,23930653823,25128469385,26940588357,28540819587,29554201656,29963112515,33405781444
Nigeria,NGA,"GDP, PPP (constant 2017 international $)",NY.GDP.MKTP.PP.KD,3.64E+11,3.86E+11,4.45E+11,4.77E+11,5.22E+11,5.55E+11,5.89E+11,6.28E+11,6.70E+11,7.24E+11,7.82E+11,8.23E+11,8.58E+11,9.15E+11,9.73E+11,9.99E+11,9.83E+11,9.91E+11,1.01E+12,1.03E+12,1.01E+12,1.05E+12,1.08E+12
North Macedonia,MKD,"GDP, PPP (constant 2017 international $)",NY.GDP.MKTP.PP.KD,20718926985,20083424324,20383403499,20836445363,21810359485,22840700200,24014032716,25568577968,26967690910,26870980764,27773510061,28423378547,28293715862,29121379954,30178230801,31341862683,32234543243,32583247744,33521839707,34832684276,32704098402,34504791443,35245490780
Northern Mariana Islands,MNP,"GDP, PPP (constant 2017 international $)",NY.GDP.MKTP.PP.KD,..,..,..,..,..,..,..,..,..,..,..,..,..,..,..,..,..,..,..,..,..,..,..
Norway,NOR,"GDP, PPP (constant 2017 international $)",NY.GDP.MKTP.PP.KD,2.58E+11,2.63E+11,2.67E+11,2.70E+11,2.80E+11,2.88E+11,2.95E+11,3.04E+11,3.05E+11,2.99E+11,3.02E+11,3.05E+11,3.13E+11,3.16E+11,3.23E+11,3.29E+11,3.33E+11,3.41E+11,3.44E+11,3.48E+11,3.43E+11,3.56E+11,3.67E+11
Oman,OMN,"GDP, PPP (constant 2017 international $)",NY.GDP.MKTP.PP.KD,87656884882,91586369936,90578090742,88160931866,89300152436,91523923712,96440487187,1.01E+11,1.09E+11,1.16E+11,1.18E+11,1.21E+11,1.32E+11,1.39E+11,1.40E+11,1.48E+11,1.55E+11,1.55E+11,1.57E+11,1.56E+11,1.50E+11,1.55E+11,1.62E+11
Pakistan,PAK,"GDP, PPP (constant 2017 international $)",NY.GDP.MKTP.PP.KD,5.15E+11,5.34E+11,5.48E+11,5.78E+11,6.23E+11,6.68E+11,7.09E+11,7.40E+11,7.56E+11,7.82E+11,7.94E+11,8.15E+11,8.40E+11,8.76E+11,9.13E+11,9.51E+11,1.01E+12,1.06E+12,1.12E+12,1.15E+12,1.14E+12,1.21E+12,1.27E+12
Palau,PLW,"GDP, PPP (constant 2017 international $)",NY.GDP.MKTP.PP.KD,262380541.3,279278128.8,289274587.2,279834448.9,293423294.5,305042456.9,303805071.6,309945402.6,292024634,272778830.5,273368287.8,291639315.3,296517266.7,286473307.9,304503553.6,327460269.1,327187254.9,313841905.4,318266652.1,318897728.8,294822538.1,254366726.1,..
Panama,PAN,"GDP, PPP (constant 2017 international $)",NY.GDP.MKTP.PP.KD,45564603651,45826268936,46847804900,48817987417,52490115348,56264826171,61133120949,68459305062,75206418058,76141227913,80578733688,89695110228,98465937711,1.05E+11,1.11E+11,1.17E+11,1.23E+11,1.30E+11,1.34E+11,1.39E+11,1.14E+11,1.32E+11,1.47E+11
Papua New Guinea,PNG,"GDP, PPP (constant 2017 international $)",NY.GDP.MKTP.PP.KD,16789122198,16768758905,16742113258,17104429750,17569871343,18684643824,19695472608,21234711062,21171759095,22611527949,24901726172,25177523653,26350071041,27357947116,31063244720,33106695643,34924111919,36158543357,36057569799,37673104197,36479853386,36195190585,38064690768
Paraguay,PRY,"GDP, PPP (constant 2017 international $)",NY.GDP.MKTP.PP.KD,45408020231,45029292496,45019654248,46964838927,48870398926,49913044325,52312422860,55148605143,58731219633,58577850495,65077198480,67866648778,67386123645,72974506423,76843059120,79115424976,82492091752,86460026414,89230422105,88871845103,88143286700,91683770990,91752936737
Peru,PER,"GDP, PPP (constant 2017 international $)",NY.GDP.MKTP.PP.KD,1.70E+11,1.71E+11,1.80E+11,1.88E+11,1.97E+11,2.10E+11,2.25E+11,2.44E+11,2.67E+11,2.70E+11,2.92E+11,3.11E+11,3.30E+11,3.49E+11,3.57E+11,3.69E+11,3.84E+11,3.93E+11,4.09E+11,4.18E+11,3.73E+11,4.23E+11,4.34E+11
Philippines,PHL,"GDP, PPP (constant 2017 international $)",NY.GDP.MKTP.PP.KD,3.47E+11,3.58E+11,3.71E+11,3.90E+11,4.16E+11,4.36E+11,4.60E+11,4.89E+11,5.11E+11,5.18E+11,5.56E+11,5.78E+11,6.17E+11,6.59E+11,7.01E+11,7.45E+11,7.99E+11,8.54E+11,9.08E+11,9.64E+11,8.72E+11,9.22E+11,9.92E+11
Poland,POL,"GDP, PPP (constant 2017 international $)",NY.GDP.MKTP.PP.KD,6.19E+11,6.27E+11,6.39E+11,6.62E+11,6.95E+11,7.19E+11,7.63E+11,8.17E+11,8.52E+11,8.76E+11,9.01E+11,9.47E+11,9.61E+11,9.70E+11,1.01E+12,1.05E+12,1.08E+12,1.14E+12,1.21E+12,1.26E+12,1.23E+12,1.32E+12,1.39E+12
Portugal,PRT,"GDP, PPP (constant 2017 international $)",NY.GDP.MKTP.PP.KD,3.13E+11,3.19E+11,3.21E+11,3.18E+11,3.24E+11,3.26E+11,3.32E+11,3.40E+11,3.41E+11,3.30E+11,3.36E+11,3.31E+11,3.17E+11,3.14E+11,3.17E+11,3.22E+11,3.29E+11,3.40E+11,3.50E+11,3.59E+11,3.30E+11,3.49E+11,3.72E+11
Puerto Rico,PRI,"GDP, PPP (constant 2017 international $)",NY.GDP.MKTP.PP.KD,1.15E+11,1.22E+11,1.23E+11,1.23E+11,1.34E+11,1.31E+11,1.29E+11,1.28E+11,1.26E+11,1.23E+11,1.23E+11,1.22E+11,1.22E+11,1.22E+11,1.20E+11,1.19E+11,1.18E+11,1.14E+11,1.09E+11,1.11E+11,1.06E+11,1.07E+11,1.11E+11
Qatar,QAT,"GDP, PPP (constant 2017 international $)",NY.GDP.MKTP.PP.KD,51287677758,53286967171,57114117980,59238739567,70623782773,75915452247,95782712602,1.13E+11,1.33E+11,1.49E+11,1.78E+11,2.02E+11,2.11E+11,2.23E+11,2.35E+11,2.46E+11,2.54E+11,2.50E+11,2.53E+11,2.55E+11,2.46E+11,2.50E+11,2.60E+11
Romania,ROU,"GDP, PPP (constant 2017 international $)",NY.GDP.MKTP.PP.KD,2.73E+11,2.88E+11,3.04E+11,3.11E+11,3.43E+11,3.60E+11,3.88E+11,4.16E+11,4.55E+11,4.30E+11,4.13E+11,4.32E+11,4.40E+11,4.42E+11,4.60E+11,4.74E+11,4.88E+11,5.28E+11,5.60E+11,5.81E+11,5.60E+11,5.92E+11,6.19E+11
Russian Federation,RUS,"GDP, PPP (constant 2017 international $)",NY.GDP.MKTP.PP.KD,2.14E+12,2.24E+12,2.35E+12,2.52E+12,2.70E+12,2.88E+12,3.11E+12,3.38E+12,3.55E+12,3.28E+12,3.42E+12,3.57E+12,3.71E+12,3.78E+12,3.81E+12,3.73E+12,3.74E+12,3.81E+12,3.91E+12,4.00E+12,3.89E+12,4.11E+12,4.03E+12
Rwanda,RWA,"GDP, PPP (constant 2017 international $)",NY.GDP.MKTP.PP.KD,6886525471,7470818548,8456374248,8642615763,9286288856,10157147562,11094355885,11941220833,13274010908,14103405718,15137840896,16342569936,17754815307,18592816005,19739466064,21487759384,22770741111,23665375199,25685489106,28115923656,27166584660,30121160265,32579162570
Samoa,WSM,"GDP, PPP (constant 2017 international $)",NY.GDP.MKTP.PP.KD,768117067.9,824881910.5,871503899.5,916932163.9,945240246,1007996671,1029488441,1034491575,1071279179,1065476299,1130733738,1174256561,1130431778,1131644655,1139112647,1182972605,1277419516,1295383642,1287486373,1344803450,1303000988,1210763751,1146517104
San Marino,SMR,"GDP, PPP (constant 2017 international $)",NY.GDP.MKTP.PP.KD,2035378821,2148919231,2155598078,2239083674,2340936100,2397706305,2489540461,2666529923,2653172228,2379339474,2249101945,2062094211,1916829275,1901801868,1888444172,1931717976,1977005285,1982111207,2011722072,2053277916,1916777831,2078996116,..
Sao Tome and Principe,STP,"GDP, PPP (constant 2017 international $)",NY.GDP.MKTP.PP.KD,..,351204681.9,363005820.1,393104518.3,407012186.4,433934515.2,472407623.9,489610214.6,520106982.5,537283069.1,545065259.7,555963564.4,572325139.3,601626474.5,631143532,640861199.6,674037441.5,701760389.9,732484438,747239013.7,766852987.9,781417818.4,781927947
Saudi Arabia,SAU,"GDP, PPP (constant 2017 international $)",NY.GDP.MKTP.PP.KD,8.71E+11,8.60E+11,8.36E+11,9.30E+11,1.00E+12,1.06E+12,1.09E+12,1.11E+12,1.18E+12,1.15E+12,1.21E+12,1.35E+12,1.42E+12,1.46E+12,1.52E+12,1.59E+12,1.63E+12,1.63E+12,1.67E+12,1.68E+12,1.61E+12,1.68E+12,1.83E+12
Senegal,SEN,"GDP, PPP (constant 2017 international $)",NY.GDP.MKTP.PP.KD,25426182724,26522267695,26540487584,28025149440,29326439505,30590478999,31303473007,32188459503,33380452577,34299117510,35462162599,35935260147,37373747012,38275345782,40657631795,43246320959,45995086774,49402166473,52469666065,54890421321,55627091270,59264921542,61726701334
Serbia,SRB,"GDP, PPP (constant 2017 international $)",NY.GDP.MKTP.PP.KD,66900406395,71502334668,76064473421,79401997696,86570566413,91358219240,96024605356,1.02E+11,1.08E+11,1.05E+11,1.06E+11,1.08E+11,1.07E+11,1.10E+11,1.09E+11,1.11E+11,1.14E+11,1.17E+11,1.22E+11,1.27E+11,1.26E+11,1.36E+11,1.39E+11
Seychelles,SYC,"GDP, PPP (constant 2017 international $)",NY.GDP.MKTP.PP.KD,1680469584,1642303383,1662221779,1564364647,1519773152,1656640301,1812466018,1973341706,1919549472,1871956624,1956290742,2142329753,2208970744,2236665382,2327556570,2425187954,2548989599,2620022556,2717138409,2849652860,2629420448,2772114435,3021613255
Sierra Leone,SLE,"GDP, PPP (constant 2017 international $)",NY.GDP.MKTP.PP.KD,4788682914,4484819176,5674378663,6212515825,6615015159,6902999840,7198662948,7772869001,8195393846,8458419403,9019846353,9561923879,11015503477,13337463016,13945551769,11087958422,11791680967,12234317466,12659203398,13324285830,13061999010,13598154895,14068316520
Singapore,SGP,"GDP, PPP (constant 2017 international $)",NY.GDP.MKTP.PP.KD,2.25E+11,2.23E+11,2.32E+11,2.42E+11,2.66E+11,2.86E+11,3.12E+11,3.40E+11,3.46E+11,3.47E+11,3.97E+11,4.22E+11,4.40E+11,4.62E+11,4.80E+11,4.94E+11,5.12E+11,5.35E+11,5.54E+11,5.62E+11,5.40E+11,5.88E+11,6.09E+11
Sint Maarten (Dutch part),SXM,"GDP, PPP (constant 2017 international $)",NY.GDP.MKTP.PP.KD,..,..,..,..,..,..,..,..,..,1659592806,1712699677,1791483913,1816395333,1840130677,1869211820,1871189654,1889298304,1746935621,1627148523,1805565350,1565122043,1636767038,1797170208
Slovak Republic,SVK,"GDP, PPP (constant 2017 international $)",NY.GDP.MKTP.PP.KD,84422619001,87169548654,91100410756,96110098027,1.01E+11,1.08E+11,1.17E+11,1.30E+11,1.37E+11,1.29E+11,1.38E+11,1.42E+11,1.44E+11,1.45E+11,1.49E+11,1.56E+11,1.59E+11,1.64E+11,1.71E+11,1.75E+11,1.69E+11,1.77E+11,1.80E+11
Slovenia,SVN,"GDP, PPP (constant 2017 international $)",NY.GDP.MKTP.PP.KD,52262871957,53943938766,55834996435,57487857660,59993864199,62272414749,65850834860,70447328991,72919918592,67415603899,68321500047,68909972074,67091135564,66400578064,68238651529,69746781415,71972995814,75438769515,78799088224,81574927346,78115429531,84543157561,86623581475
Solomon Islands,SLB,"GDP, PPP (constant 2017 international $)",NY.GDP.MKTP.PP.KD,914050395,841323005.5,817766105.3,871112806.1,938043016,1007062738,1048737818,1086908439,1154579027,1187649264,1302950864,1399759457,1434277545,1509401276,1527351339,1552951980,1639214294,1689625838,1736022886,1766394855,1706670995,1696947358,1628009900
Somalia,SOM,"GDP, PPP (constant 2017 international $)",NY.GDP.MKTP.PP.KD,..,..,..,..,..,..,..,..,..,..,..,..,..,16812732492,18078124575,19876319462,21153235245,23162832709,23856332568,24721561209,24088741445,24885505704,25490993074
South Africa,ZAF,"GDP, PPP (constant 2017 international $)",NY.GDP.MKTP.PP.KD,4.96E+11,5.10E+11,5.28E+11,5.44E+11,5.69E+11,5.99E+11,6.32E+11,6.66E+11,6.88E+11,6.77E+11,6.98E+11,7.20E+11,7.37E+11,7.55E+11,7.66E+11,7.76E+11,7.81E+11,7.90E+11,8.02E+11,8.05E+11,7.57E+11,7.92E+11,8.07E+11
South Sudan,SSD,"GDP, PPP (constant 2017 international $)",NY.GDP.MKTP.PP.KD,..,..,..,..,..,..,..,..,..,..,..,..,..,..,..,..,..,..,..,..,..,..,..
Spain,ESP,"GDP, PPP (constant 2017 international $)",NY.GDP.MKTP.PP.KD,1.41E+12,1.47E+12,1.51E+12,1.55E+12,1.60E+12,1.66E+12,1.73E+12,1.79E+12,1.80E+12,1.74E+12,1.74E+12,1.72E+12,1.67E+12,1.65E+12,1.67E+12,1.74E+12,1.79E+12,1.84E+12,1.88E+12,1.92E+12,1.71E+12,1.82E+12,1.92E+12
Sri Lanka,LKA,"GDP, PPP (constant 2017 international $)",NY.GDP.MKTP.PP.KD,1.16E+11,1.14E+11,1.18E+11,1.25E+11,1.32E+11,1.40E+11,1.51E+11,1.61E+11,1.71E+11,1.77E+11,1.91E+11,2.08E+11,2.26E+11,2.35E+11,2.50E+11,2.60E+11,2.74E+11,2.91E+11,2.98E+11,2.97E+11,2.84E+11,2.94E+11,2.71E+11
St. Kitts and Nevis,KNA,"GDP, PPP (constant 2017 international $)",NY.GDP.MKTP.PP.KD,892475730,939361494.7,952209283.5,914755132.4,951311918.6,1043901402,1076788276,1083255491,1204347509,1163648920,1164160665,1182980572,1176760905,1243951870,1338261818,1347817206,1400687466,1400941204,1429700199,1487595702,1271008966,1259677415,1371098513
St. Lucia,LCA,"GDP, PPP (constant 2017 international $)",NY.GDP.MKTP.PP.KD,2042982859,1973356697,1981574750,2066081215,2216231784,2207138480,2343876388,2383525836,2501494203,2430729445,2438751303,2544274677,2541507622,2490549775,2523624340,2526196250,2612790565,2701286293,2779104089,2761035669,2088321033,2343720722,2715892141
St. Martin (French part),MAF,"GDP, PPP (constant 2017 international $)",NY.GDP.MKTP.PP.KD,..,..,..,..,..,..,..,..,..,..,..,..,..,..,..,..,..,..,..,..,..,..,..
St. Vincent and the Grenadines,VCT,"GDP, PPP (constant 2017 international $)",NY.GDP.MKTP.PP.KD,991174124.4,1008502138,1062377604,1133464866,1180103531,1209471084,1294096884,1337099317,1342509767,1324007383,1264818057,1257149761,1271847252,1303166289,1318097019,1354807312,1411027494,1432871635,1478374070,1488156877,1432506328,1443898963,1514793356
Sudan,SDN,"GDP, PPP (constant 2017 international $)",NY.GDP.MKTP.PP.KD,1.31E+11,1.39E+11,1.48E+11,1.57E+11,1.65E+11,1.75E+11,1.86E+11,1.97E+11,2.04E+11,1.99E+11,2.06E+11,2.00E+11,1.66E+11,1.69E+11,1.77E+11,1.80E+11,1.86E+11,1.88E+11,1.83E+11,1.79E+11,1.72E+11,1.69E+11,1.67E+11
Suriname,SUR,"GDP, PPP (constant 2017 international $)",NY.GDP.MKTP.PP.KD,6154383751,6412867894,6592428239,7007751181,7603410044,7945563512,8405893197,8835559401,9201652571,9478962681,9968913688,10552032102,10835918671,11153784023,11182282279,10800843894,10269897472,10430970336,10947123025,11074940514,9305697535,9079067895,9300027323
Sweden,SWE,"GDP, PPP (constant 2017 international $)",NY.GDP.MKTP.PP.KD,3.60E+11,3.66E+11,3.74E+11,3.82E+11,3.99E+11,4.10E+11,4.29E+11,4.44E+11,4.42E+11,4.23E+11,4.48E+11,4.63E+11,4.60E+11,4.65E+11,4.78E+11,4.99E+11,5.09E+11,5.22E+11,5.33E+11,5.43E+11,5.31E+11,5.64E+11,5.81E+11
Switzerland,CHE,"GDP, PPP (constant 2017 international $)",NY.GDP.MKTP.PP.KD,4.25E+11,4.32E+11,4.32E+11,4.31E+11,4.43E+11,4.55E+11,4.74E+11,4.92E+11,5.06E+11,4.95E+11,5.11E+11,5.20E+11,5.26E+11,5.35E+11,5.48E+11,5.57E+11,5.69E+11,5.76E+11,5.93E+11,6.00E+11,5.87E+11,6.18E+11,6.34E+11
Syrian Arab Republic,SYR,"GDP, PPP (constant 2017 international $)",NY.GDP.MKTP.PP.KD,..,..,..,..,..,..,..,..,..,..,..,..,..,..,..,..,..,..,..,..,..,..,..
Tajikistan,TJK,"GDP, PPP (constant 2017 international $)",NY.GDP.MKTP.PP.KD,8234576035,9023517275,9998057480,11097843711,12240921495,13061063054,13975337887,15065414259,16255581725,16889549599,17987370168,19318435669,20767318240,22304099737,23798474574,25230976943,26971914352,28886920271,31082326212,33382418352,34851244759,38127261767,41177442708
Tanzania,TZA,"GDP, PPP (constant 2017 international $)",NY.GDP.MKTP.PP.KD,45861663574,48645837247,52096381334,55572663370,59742733030,64209290486,68403583493,73033504121,77186493613,81253531199,86402180238,93031089805,97217631705,1.04E+11,1.11E+11,1.18E+11,1.26E+11,1.34E+11,1.42E+11,1.50E+11,1.53E+11,1.59E+11,1.67E+11
Thailand,THA,"GDP, PPP (constant 2017 international $)",NY.GDP.MKTP.PP.KD,6.18E+11,6.39E+11,6.78E+11,7.27E+11,7.73E+11,8.05E+11,8.45E+11,8.91E+11,9.06E+11,9.00E+11,9.68E+11,9.76E+11,1.05E+12,1.07E+12,1.09E+12,1.12E+12,1.16E+12,1.21E+12,1.26E+12,1.28E+12,1.21E+12,1.22E+12,1.26E+12
Timor-Leste,TLS,"GDP, PPP (constant 2017 international $)",NY.GDP.MKTP.PP.KD,2037488580,2370646098,2211726238,2163460530,2172114458,2236942944,2144868299,2365047361,2634539892,2901865454,3172653371,3361697182,3525096570,3634528499,3797082730,3903297238,4034767113,3907891036,3880817138,4789394697,6320177145,6656128527,5288854110
Togo,TGO,"GDP, PPP (constant 2017 international $)",NY.GDP.MKTP.PP.KD,8662406943,8733736559,9067943694,9677325054,9582616429,9135462858,9377564691,9267367016,9641365075,10167188157,10762411211,11389133563,12106955962,12812097262,13533833477,14273867727,14875496351,15471693243,16213589298,17011757257,17379600200,18420910964,19491266573
Tonga,TON,"GDP, PPP (constant 2017 international $)",NY.GDP.MKTP.PP.KD,493130168.5,511617252.1,536420522.1,548801351.8,535571394.2,536005388.6,535208695.2,536659620.8,562151863.3,532924974.9,537206974.8,573835229.8,578558483.2,580365367.1,592081205.4,599019735.5,638381325.4,659591114.3,661182232.5,665853375.4,669107036.8,651258565.3,..
Trinidad and Tobago,TTO,"GDP, PPP (constant 2017 international $)",NY.GDP.MKTP.PP.KD,21778225157,22686055695,24486582075,28022686831,30250504869,32128739924,36372322723,38101539218,39393843251,37663772315,38915424103,38800874837,41690246317,43162714822,44826050806,44477537796,41129659006,39155099860,38919215475,39059811488,35514002357,35145563474,35666506451
Tunisia,TUN,"GDP, PPP (constant 2017 international $)",NY.GDP.MKTP.PP.KD,75918449118,78800519688,79842701594,83597224420,88810172385,91906579492,96726252273,1.03E+11,1.08E+11,1.11E+11,1.14E+11,1.12E+11,1.17E+11,1.19E+11,1.23E+11,1.24E+11,1.26E+11,1.28E+11,1.32E+11,1.34E+11,1.22E+11,1.27E+11,1.31E+11
Turkiye,TUR,"GDP, PPP (constant 2017 international $)",NY.GDP.MKTP.PP.KD,9.76E+11,9.20E+11,9.79E+11,1.04E+12,1.14E+12,1.24E+12,1.33E+12,1.39E+12,1.40E+12,1.34E+12,1.45E+12,1.61E+12,1.69E+12,1.83E+12,1.92E+12,2.04E+12,2.11E+12,2.26E+12,2.33E+12,2.35E+12,2.40E+12,2.67E+12,2.82E+12
Turkmenistan,TKM,"GDP, PPP (constant 2017 international $)",NY.GDP.MKTP.PP.KD,20873899291,21780629270,21836644676,22550447154,23678061391,26764268169,29701193836,32985937809,37834870667,40142797821,43835935216,50279817661,55860877402,61558686953,67899231692,72312681690,76796067931,81787812382,86858656702,92330752111,89191506498,93205124314,94789611396
Turks and Caicos Islands,TCA,"GDP, PPP (constant 2017 international $)",NY.GDP.MKTP.PP.KD,..,..,..,..,..,..,..,..,..,..,..,792935224.7,785225520.7,793634320.3,862770159.7,960391172.2,1030030870,1004380846,1060736217,1117215663,817993166.8,891612551.8,946892530
Tuvalu,TUV,"GDP, PPP (constant 2017 international $)",NY.GDP.MKTP.PP.KD,33581591.08,33581591.08,36779837.85,35180714.47,34381152.78,32782029.39,33581591.08,35980276.16,38378961.24,35980276.16,35180714.47,37579399.55,36779837.85,38378961.24,38378961.24,42376769.7,44775454.78,45871733.82,46508104.97,52936501.02,50673501.56,51587720.4,51937133.03
Uganda,UGA,"GDP, PPP (constant 2017 international $)",NY.GDP.MKTP.PP.KD,29822484786,31368381337,34107683508,36315562089,38787647140,41243900152,45691949359,49535750771,53849696408,57512292851,60754612566,66460476474,69010867754,71486222590,75136528811,79034506630,82813146623,85406362065,90790314035,96636070870,99488097436,1.03E+11,1.08E+11
Ukraine,UKR,"GDP, PPP (constant 2017 international $)",NY.GDP.MKTP.PP.KD,3.69E+11,4.01E+11,4.23E+11,4.63E+11,5.17E+11,5.33E+11,5.74E+11,6.21E+11,6.35E+11,5.39E+11,5.61E+11,5.91E+11,5.92E+11,5.92E+11,5.33E+11,4.81E+11,4.92E+11,5.04E+11,5.21E+11,5.38E+11,5.18E+11,5.36E+11,3.80E+11
United Arab Emirates,ARE,"GDP, PPP (constant 2017 international $)",NY.GDP.MKTP.PP.KD,3.29E+11,3.33E+11,3.41E+11,3.71E+11,4.07E+11,4.27E+11,4.69E+11,4.83E+11,4.99E+11,4.73E+11,4.80E+11,5.10E+11,5.19E+11,5.46E+11,5.68E+11,6.07E+11,6.41E+11,6.46E+11,6.54E+11,6.61E+11,6.28E+11,6.56E+11,7.07E+11
United Kingdom,GBR,"GDP, PPP (constant 2017 international $)",NY.GDP.MKTP.PP.KD,2.28E+12,2.33E+12,2.38E+12,2.45E+12,2.51E+12,2.58E+12,2.64E+12,2.71E+12,2.70E+12,2.58E+12,2.64E+12,2.67E+12,2.71E+12,2.76E+12,2.84E+12,2.91E+12,2.96E+12,3.04E+12,3.08E+12,3.14E+12,2.81E+12,3.05E+12,3.19E+12
United States,USA,"GDP, PPP (constant 2017 international $)",NY.GDP.MKTP.PP.KD,1.42E+13,1.43E+13,1.45E+13,1.49E+13,1.55E+13,1.61E+13,1.65E+13,1.68E+13,1.69E+13,1.64E+13,1.69E+13,1.71E+13,1.75E+13,1.78E+13,1.82E+13,1.87E+13,1.91E+13,1.95E+13,2.01E+13,2.05E+13,1.99E+13,2.11E+13,2.15E+13
Uruguay,URY,"GDP, PPP (constant 2017 international $)",NY.GDP.MKTP.PP.KD,48602931285,46734571443,43121051007,43468297895,45643521225,49048588218,51058882547,54398904886,58302648997,60776718522,65519374841,68901572127,71339432890,74647826648,77065513910,77351227566,78658307186,80027257873,80152100397,80748777996,75691500749,79685407343,83607423058
Uzbekistan,UZB,"GDP, PPP (constant 2017 international $)",NY.GDP.MKTP.PP.KD,73152574128,76198528990,79226268543,82579621278,88730977767,94897787107,1.02E+11,1.12E+11,1.22E+11,1.32E+11,1.41E+11,1.52E+11,1.63E+11,1.75E+11,1.87E+11,2.00E+11,2.12E+11,2.22E+11,2.35E+11,2.49E+11,2.54E+11,2.72E+11,2.88E+11
Vanuatu,VUT,"GDP, PPP (constant 2017 international $)",NY.GDP.MKTP.PP.KD,567438343.1,548159157.3,519664097,541949035,563558671.8,593457299.2,643667925.9,662179122.2,699267720.6,720506603.9,729576825.2,752484099.5,760084547.8,763606706.7,787560035.8,790446617.1,827508733.2,879784987,905300777.5,934643274.6,887981289.2,893741210.8,910266227.1
"Venezuela, RB",VEN,"GDP, PPP (constant 2017 international $)",NY.GDP.MKTP.PP.KD,..,..,..,..,..,..,..,..,..,..,..,..,..,..,..,..,..,..,..,..,..,..,..
Viet Nam,VNM,"GDP, PPP (constant 2017 international $)",NY.GDP.MKTP.PP.KD,2.92E+11,3.10E+11,3.29E+11,3.52E+11,3.78E+11,4.07E+11,4.35E+11,4.66E+11,4.93E+11,5.19E+11,5.53E+11,5.88E+11,6.21E+11,6.55E+11,6.97E+11,7.46E+11,7.96E+11,8.51E+11,9.15E+11,9.82E+11,1.01E+12,1.04E+12,1.12E+12
Virgin Islands (U.S.),VIR,"GDP, PPP (constant 2017 international $)",NY.GDP.MKTP.PP.KD,..,..,..,..,..,..,..,..,..,..,..,..,..,..,..,..,..,..,..,..,..,..,..
West Bank and Gaza,PSE,"GDP, PPP (constant 2017 international $)",NY.GDP.MKTP.PP.KD,13159182133,11933978299,10443520864,11907270702,14517968320,16157141482,15996126502,16602104807,17835505431,19368197963,20487168884,22454102733,23823007353,24942347997,24902972348,25829686576,28119389833,28518507331,28868451483,29261838253,25949847008,27769445681,28861611582
"Yemen, Rep.",YEM,"GDP, PPP (constant 2017 international $)",NY.GDP.MKTP.PP.KD,..,..,..,..,..,..,..,..,..,..,..,..,..,..,..,..,..,..,..,..,..,..,..
Zambia,ZMB,"GDP, PPP (constant 2017 international $)",NY.GDP.MKTP.PP.KD,20736671783,21839213307,22823291377,24408363025,26124855554,28015145343,30229376829,32754266256,35300548790,38555382377,42525901758,44892299081,48303033348,50745829682,53129864885,54681456236,56746599390,58735190956,61104858650,61985566660,60259234496,64016350790,67376967415
Zimbabwe,ZWE,"GDP, PPP (constant 2017 international $)",NY.GDP.MKTP.PP.KD,32552474434,33021104868,30084199998,24971367727,23521146051,22177833712,21410149065,20627966344,16983222041,19024530600,23105684494,26483783455,30653622606,31633536428,32103149759,32752805148,33047893313,34396334575,36119545115,33832294272,31187640536,33828615210,36035044448
